id,title,rating,card_subtitle
37259325,惩罚者：最后一击,6.9,2026 / 美国 / 剧情 动作 惊悚 犯罪 冒险 / 雷纳尔多·马库斯·格林 / 乔·博恩瑟 杰森·R·摩尔
37005312,幸运有八只触手,7.7,2026 / 美国 / 剧情 / 奥利维亚·纽曼 / 莎莉·菲尔德 刘易斯·普尔曼
37295472,利摩日阳台,7.3,2025 / 法国 / 剧情 / 杰禾姆·贺柏 / 安妮·莉丝·海姆伯格 法比恩·巴布
38396481,麦卡托·骑士,6.5,2026 / 日本 / 剧情 悬疑 / 大山晃一郎 / 水泽林太郎 须贺健太
35558639,死亡不存在,6.4,2025 / 法国 加拿大 / 剧情 动画 / 菲利克斯·杜福-拉贝埃尔 / 卡蕾尔·通布莱 芭芭拉·于尔里克
38242772,血爱杀手,5.5,2026 / 泰国 / 动作 爱情 惊悚 / 塔韦华·温泰 / 平采娜·乐维瑟派布恩 塔纳波·里拉塔纳卡邹
36631864,奇幻变身大冒险,7.6,2026 / 美国 / 喜剧 动画 家庭 奇幻 冒险 / 内森·格雷诺 / 迈克尔·B·乔丹 朱诺·坦普尔
36418021,自主公民,6.1,2025 / 美国 / 剧情 惊悚 犯罪 / 克里斯蒂安·斯韦加尔 / 丹尼斯·奎德 雅各布·特伦布莱
37200693,幸福之路,5.5,2025 / 加拿大 美国 / 剧情 / 洛伊德·李·崔 / 张震 陈法拉
36779303,巅峰猎杀,6.3,2026 / 加拿大 澳大利亚 美国 冰岛 / 动作 惊悚 / 巴塔萨·科马库 / 查理兹·塞隆 塔伦·埃哲顿
37427884,我的麻烦室友,6.1,2026 / 美国 / 喜剧 / 钱德勒·莱瓦科 / 莎蒂·桑德勒 克洛伊·伊斯特
36929221,木乃伊,6.2,2026 / 爱尔兰 美国 西班牙 加拿大 / 恐怖 / 李·克罗宁 / 杰克·莱诺 莱娅·科斯塔
36433332,抖擞,6.1,2026 / 美国 / 喜剧 犯罪 / 彼得·法雷里 / 马克·沃尔伯格 保罗·沃尔特·豪泽
37335090,追恶,6.1,2026 / 中国大陆 / 动作 犯罪 / 成思毅 / 释小龙 王真儿
37233517,杀木地,5.8,2026 / 韩国 / 惊悚 恐怖 / 李相珉 / 金惠奫 李钟元
37332784,我，许可,8.3,2026 / 中国大陆 / 剧情 喜剧 / 杨荔钠 / 文淇 秦海璐
36806351,超级马力欧银河大电影,7.0,2026 / 日本 美国 / 喜剧 动画 奇幻 冒险 / 亚伦·霍瓦斯 迈克尔·杰勒尼克 / 克里斯·帕拉特 安雅·泰勒-乔伊
36995126,爱情抓马,6.9,2026 / 美国 / 剧情 喜剧 爱情 / 克里斯托弗·博格利 / 赞达亚 罗伯特·帕丁森
26022233,蜂蜜的针,6.9,2026 / 中国大陆 / 爱情 悬疑 犯罪 / 袁梅 / 袁泉 耿乐
38242775,赤红生死线,6.1,2026 / 泰国 / 剧情 惊悚 犯罪 / 西蒂斯里·蒙哥西里 / 尼塔莎·吉拉尤吉恩 艾丝特·苏普莉拉
38363138,欧阳万成：终于回家了,7.9,2026 / 美国 / 喜剧 / 欧阳万成 / 欧阳万成
37061195,谍杀风暴,5.7,2026 / 西班牙 / 惊悚 / 丹尼·德拉托雷 / 马里奥·卡萨斯 玛蕾拉·嘉里加
35010610,挽救计划,8.6,2026 / 美国 / 剧情 科幻 惊悚 / 菲尔·罗德 克里斯托弗·米勒 / 瑞恩·高斯林 桑德拉·惠勒
36368568,我当你兄弟,6.2,2026 / 美国 / 喜剧 动作 犯罪 / 本大卫·格拉宾斯基 / 文斯·沃恩 詹姆斯·麦斯登
36539452,拼桌,6.2,2026 / 中国大陆 / 喜剧 爱情 / 吴靖 / 王传君 江疏影
37226826,幽旅巫咒,6.6,2026 / 爱尔兰 美国 / 恐怖 / 达米安·麦克卡西 / 亚当·斯科特 大卫·威尔莫特
36238726,索命舞娘,6.4,2026 / 英国 美国 匈牙利 / 动作 惊悚 恐怖 / 维姬·朱森 / 麦迪·齐格勒 拉娜·康多
36832900,准备好了没2：我来了,6.0,2026 / 美国 加拿大 / 喜剧 惊悚 恐怖 / 泰勒·吉勒特 马特·贝蒂内利-奥尔平 / 萨玛拉·维文 凯瑟琳·纽顿
37387189,披萨电影,6.4,2026 / 美国 / 喜剧 / 尼克·科切 布莱恩·麦克哈尼 / 伽塔·马塔拉佐 肖恩·吉布朗尼
36999793,河狸变身计划,7.4,2026 / 美国 / 喜剧 科幻 动画 / 丹尼尔·钟 / 佩珀·柯达 鲍比·莫尼汉
35900174,侵略机器,6.3,2026 / 英国 澳大利亚 新西兰 美国 / 动作 科幻 惊悚 / 帕特里克·休斯 / 约书亚·迪亚兹 阿兰·里奇森
30382501,浴血黑帮：不朽传奇,6.5,2026 / 英国 法国 美国 / 剧情 历史 犯罪 / 汤姆·哈伯 / 基里安·墨菲 丽贝卡·弗格森
36503073,暗黑新娘！,6.4,2026 / 法国 美国 / 剧情 惊悚 犯罪 / 玛吉·吉伦哈尔 / 杰西·巴克利 克里斯蒂安·贝尔
36314193,惊声尖叫7,5.3,2026 / 美国 加拿大 / 悬疑 恐怖 / 凯文·威廉姆森 / 内芙·坎贝尔 柯特妮·考克斯
36926954,杀的就是你,6.9,2026 / 美国 / 喜剧 动作 恐怖 / 基里尔·索科洛夫 / 莎姬·贝兹 帕特丽夏·阿奎特
38413999,小家伙,6.9,2026 / 俄罗斯 / 剧情 战争 / Andrey Simonov / Gleb Kalyuzhnyy Ivan Alekseev
35373284,悬崖绝壁,6.0,2026 / 美国 / 剧情 动作 历史 冒险 / 弗兰克·E.弗劳尔斯 / 佩丽冉卡·曹帕拉 卡尔·厄本
26900149,如何大赚一笔,5.9,2026 / 英国 法国 / 剧情 喜剧 惊悚 / 约翰·巴顿·福特 / 格伦·鲍威尔 玛格丽特·库里
36916004,冬歇,6.7,2026 / 英国 / 剧情 / 波利·芬德利 / 莱丝利·曼维尔 塞伦·希德
26335563,孔雀舞曲,6.9,2026 / 韩国 / 剧情 / 李忠弼 / 高我星 文相敏
37049749,浴火之森,5.8,2026 / 西班牙 / 剧情 惊悚 / 大卫·维多利 / 贝伦·奎斯塔 戴安娜·戈麦斯
37346409,她回来的那天,7.4,2026 / 韩国 / 剧情 / 洪常秀 / 宋宣美 赵伦嬉
36883105,星河入梦,6.9,2026 / 中国大陆 中国香港 / 科幻 奇幻 冒险 / 韩延 / 王鹤棣 宋茜
37211128,熊猫计划之部落奇遇记,5.2,2026 / 中国大陆 / 喜剧 奇幻 / 许宏宇 / 成龙 马丽
36474027,镖人：风起大漠,7.5,2026 / 中国大陆 / 动作 武侠 古装 / 袁和平 / 吴京 谢霆锋
37311135,飞驰人生3,7.3,2026 / 中国大陆 / 剧情 喜剧 运动 / 韩寒 / 沈腾 尹正
37427493,熊出没·年年有熊,6.5,2026 / 中国大陆 / 喜剧 动画 奇幻 / 林汇达 / 张伟 张秉君
37242440,惊蛰无声,6.0,2026 / 中国大陆 / 剧情 犯罪 / 张艺谋 / 易烊千玺 朱一龙
35328629,我们不是陌生人,5.6,2026 / 新加坡 / 剧情 / 陈哲艺 / 杨雁雁 许家乐
37113995,东北恋哥3：冬天里的一把火,6.2,2026 / 中国大陆 / 喜剧 爱情 / 秦小珍 / 包贝尔 张梦露
36910970,奇迹梦之队,6.8,2026 / 美国 加拿大 / 喜剧 动画 冒险 运动 / 泰里·迪利海 亚当·罗塞特 / 凯莱布·麦克劳克林 加布里埃尔·尤尼恩
36901008,洛杉矶劫案,6.5,2026 / 美国 英国 / 剧情 动作 犯罪 / 巴特·雷顿 / 克里斯·海姆斯沃斯 马克·鲁法洛
36963690,呼啸山庄,6.2,2026 / 英国 美国 / 剧情 爱情 / 埃默拉尔德·芬内尔 / 玛格特·罗比 雅各布·艾洛蒂
36838688,人工情报,6.4,2026 / 韩国 / 剧情 动作 / 柳昇完 / 赵寅成 朴正民
37194405,美味倒数,6.8,2026 / 韩国 / 剧情 / 金泰泳 / 崔宇植 张慧珍
36208896,火拼,6.0,2026 / 中国香港 中国大陆 / 动作 犯罪 / 吴家伟 / 方中信 吕良伟
37806619,这就是我,6.7,2026 / 日本 / 剧情 音乐 传记 / 松本优作 / 望月春希 木村多江
37571351,第六十届超级碗中场秀,8.1,2026 / 美国 / 音乐 歌舞 / 哈密什·汉密尔顿 / 坏痞兔 Lady Gaga
36066090,瑞典救援暗线,7.0,2026 / 瑞典 / 剧情 传记 历史 战争 / 特蕾兹·阿尔贝克 马库斯·奥尔森 / 亨里克·多尔辛 西塞拉·本
37195133,我独自蜜月,6.2,2026 / 美国 / 喜剧 爱情 / 查尔斯·金南 丹尼尔·金南 / 凯文·詹姆斯 妮可·吉玛多
36978169,与王生活的男人,7.4,2026 / 韩国 / 剧情 历史 / 张抗俊 / 柳海真 朴志训
37296908,非传统浪漫关系,5.8,2026 / 中国大陆 / 剧情 喜剧 爱情 / 梁文哲 / 朱颜曼滋 任彬
36117593,机动战士高达 闪光的哈萨维 喀耳刻的魔女,8.1,2026 / 日本 / 剧情 科幻 动画 战争 / 村濑修功 / 小野贤章 上田丽奈
36892468,庇护之地,5.9,2026 / 英国 美国 加拿大 / 动作 惊悚 / 里克·罗曼·沃夫 / 杰森·斯坦森 博德希·蕾·布里纳希
36371992,铁肺,5.5,2026 / 美国 / 恐怖 / 马克·费施巴赫 / 马克·费施巴赫 卡萝·卡普兰
36977669,东北警察故事3,7.3,2026 / 中国大陆 / 喜剧 动作 犯罪 / 杨秉佳 / 谢苗 林晓杰
38222804,大蛇5：怪兽都市,5.4,2026 / 中国大陆 / 动作 惊悚 恐怖 冒险 灾难 / 林珍钊 / 张傲月 梁颂晴
34864022,请求救援,6.6,2026 / 美国 加拿大 英国 澳大利亚 泰国 / 惊悚 恐怖 冒险 / 山姆·雷米 / 瑞秋·麦克亚当斯 迪伦·奥布莱恩
37032137,特工迷阵,5.8,2026 / 新西兰 美国 / 喜剧 动作 悬疑 犯罪 / 安杰尔·曼纽尔·索托 / 杰森·莫玛 戴夫·巴蒂斯塔
36116692,眨眼之间,6.6,2026 / 美国 / 剧情 科幻 / 安德鲁·斯坦顿 / 凯特·麦克金农 戴维德·迪格斯
37207219,绚烂一刻,6.6,2026 / 美国 / 剧情 / 艾丹·扎米里 / 查莉XCX 亚历山大·斯卡斯加德
37246591,伪术奇才,6.6,2026 / 意大利 / 剧情 历史 / 斯特凡诺·洛维奇 / 彼得洛·卡斯特里图 朱莉娅·米切利尼
37134618,爆水管,5.7,2026 / 中国大陆 / 喜剧 犯罪 / 周涤啡 / 彭于晏 艾伦
37825206,超时空辉夜姬！,8.3,2026 / 日本 / 剧情 科幻 动画 音乐 奇幻 / 山下清悟 / 夏吉优子 永濑安奈
36749573,极限审判,7.2,2026 / 美国 / 动作 科幻 悬疑 / 提莫·贝克曼贝托夫 / 克里斯·帕拉特 丽贝卡·弗格森
36932394,全信没收,6.6,2026 / 美国 / 剧情 动作 悬疑 惊悚 犯罪 / 乔·卡纳汉 / 马特·达蒙 本·阿弗莱克
36850893,惊变28年2：白骨圣殿,6.5,2026 / 英国 美国 加拿大 / 科幻 惊悚 恐怖 / 尼娅·达科斯塔 / 拉尔夫·费因斯 杰克·奥康奈尔
37193378,不过是上班,6.0,2026 / 中国大陆 / 喜剧 / 王梓骏 / 吴俊霆 李孝谦
36340236,盛夏假期遇见爱,6.5,2026 / 美国 / 爱情 / 布雷特·海利 / 艾米丽·巴德 汤姆·布莱斯
37480812,手遮天,6.5,2026 / 中国大陆 / 动作 犯罪 古装 / 刘文普 / 刘峰超 袁福福
36135296,教场 Reunion,6.0,2026 / 日本 / 剧情 悬疑 / 中江功 / 木村拓哉 大岛优子
36790513,过家家,6.6,2026 / 中国大陆 / 剧情 / 李太言 / 成龙 彭昱畅
35930441,后来的我们,7.3,2025 / 韩国 / 剧情 爱情 / 金度英 / 具教焕 文佳煐
36073533,匿杀,5.5,2025 / 中国大陆 / 悬疑 犯罪 / 柯汶利 / 彭昱畅 张钧甯
26389539,寻秦记,6.2,2025 / 中国香港 中国大陆 / 动作 奇幻 古装 / 吴炫辉 黎震龙 / 古天乐 林峯
35461578,用武之地,7.2,2025 / 中国大陆 / 剧情 动作 战争 / 申奥 / 肖央 齐溪
37089563,LAST MAN-全盲搜查官- FAKE／TRUTH,6.4,2025 / 日本 / 剧情 / 平野俊一 / 福山雅治 大泉洋
37014022,新狂蟒之灾,5.0,2025 / 美国 / 喜剧 动作 冒险 / 汤姆·戈米肯 / 保罗·路德 杰克·布莱克
37022026,蓝调之歌,6.5,2025 / 美国 / 剧情 音乐 歌舞 传记 历史 / 克雷格·布鲁尔 / 休·杰克曼 凯特·哈德森
36787731,万物生灵：2025圣诞特别集,8.9,2025 / 英国 / 剧情 / 尼古拉斯·瑞夫 蕾切尔·申顿
37335483,今夜，就算这份爱恋从世界上消失,6.7,2025 / 韩国 / 爱情 / 金惠英 / 秋泳愚 申诗雅
37512260,星与月是天上的洞,5.7,2025 / 日本 / 剧情 / 荒井晴彦 / 绫野刚 咲耶
36367195,家弑服务,7.1,2025 / 美国 / 剧情 悬疑 惊悚 / 保罗·费格 / 西德尼·斯维尼 阿曼达·塞弗里德
36389635,海绵宝宝：深海大冒险,6.7,2025 / 美国 / 喜剧 动画 奇幻 冒险 / 德里克·德莱蒙 / 汤姆·肯尼 比尔·法格巴克
37130746,十项舞蹈,6.8,2025 / 日本 / 爱情 同性 / 大友启史 / 竹内凉真 町田启太
5348089,阿凡达：火与烬,7.6,2025 / 美国 / 动作 科幻 惊悚 奇幻 冒险 / 詹姆斯·卡梅隆 / 萨姆·沃辛顿 佐伊·索尔达娜
37236843,再见琼,7.0,2025 / 英国 美国 / 剧情 / 凯特·温斯莱特 / 凯特·温斯莱特 托妮·科莱特
37342627,夺命网红2,5.5,2025 / 美国 / 悬疑 惊悚 恐怖 / 科提斯·大卫·哈德 / 卡桑德拉·诺德 乔治娜·坎贝尔
36778124,爱犬莫福,5.8,2025 / 美国 / 喜剧 / 杰西卡·斯维尔 / 查理·考克斯 佐伊·丹斯切尔
37901018,丹尼尔·斯洛斯：做不到,8.0,2025 / 英国 / 喜剧 / 丹尼尔·斯洛斯 / 丹尼尔·斯洛斯
30174089,内幕,6.2,2025 / 中国香港 / 剧情 动作 犯罪 / 麦兆辉 / 郭富城 任达华
36553324,趣塔德庄园,7.2,2025 / 英国 / 喜剧 / 吉姆·奥汉龙 / 戴米恩·路易斯 凯瑟琳·沃特斯顿
37305658,征服者,6.6,2025 / 印度 / 剧情 动作 惊悚 犯罪 / 阿迪蒂亚·达尔 / 阿克夏耶·坎纳 马达范
36948643,运钞大劫案,5.7,2025 / 中国大陆 / 动作 犯罪 / 霍穗强 / 吴樾 包贝尔
37303803,欢乐岁月,7.2,2025 / 美国 / 歌舞 / 玛丽亚·弗里德曼 / 丹尼尔·雷德克里夫 乔纳森·格罗夫
37657502,我的邻居不是人,5.7,2025 / 泰国 / 恐怖 / 罗宁·提姆 / 提拉达·迈特瓦拉育 Sarunrat Puagpipat
36821463,乐开怀,5.9,2025 / 美国 / 喜剧 / 迈克尔·肖沃特 / 米歇尔·菲佛 菲丽希缇·琼斯
37383596,我的秘密圣诞老人,5.6,2025 / 美国 / 喜剧 / 麦克·罗尔 / 麦迪逊·麦克伊萨克 瑞安·艾戈尔德
35633741,混凝土市场,6.2,2025 / 韩国 / 剧情 动作 惊悚 / 洪基元 / 李在仁 红炅
26817136,疯狂动物城2,8.3,2025 / 美国 / 喜剧 动画 悬疑 犯罪 冒险 / 杰拉德·布什 拜伦·霍华德 / 金妮弗·古德温 杰森·贝特曼
37560609,我们不可能成为恋人！绝对不行。 (※似乎可行？) 〜再次闪耀！〜,8.1,2025 / 日本 / 喜剧 动画 同性 / 内沼菜摘 / 中村栞奈 大西沙织
36523156,金童,6.1,2025 / 中国香港 / 剧情 / 陈维冠 / 张继聪 曾志伟
36175206,魔法坏女巫2,5.6,2025 / 美国 加拿大 澳大利亚 / 剧情 爱情 歌舞 奇幻 / 朱浩伟 / 辛西娅·埃里沃 爱莉安娜·格兰德
37149566,家庭计划2,5.7,2025 / 美国 英国 / 喜剧 动作 家庭 / 西蒙·赛伦·琼斯 / 马克·沃尔伯格 米歇尔·莫纳汉
36850049,永生战士2,6.6,2025 / 芬兰 英国 / 动作 战争 / 贾马里·赫兰德 / 乔玛·汤米拉 史蒂芬·朗
37212415,香槟情缘,5.7,2025 / 美国 / 喜剧 爱情 / 马克·斯蒂文·约翰逊 / 敏卡·凯利 汤姆·沃兹尼奇卡
37071133,菜肉馄饨,7.2,2025 / 中国大陆 / 剧情 喜剧 爱情 / 吴天戈 / 周野芒 潘虹
30286126,三滴血,6.3,2025 / 中国大陆 / 剧情 犯罪 / 康博 / 胡歌 文淇
26404869,惊天魔盗团3,5.7,2025 / 美国 / 剧情 动作 犯罪 / 鲁本·弗雷斯彻 / 杰西·艾森伯格 伍迪·哈里森
35358792,马腾你别走,7.0,2025 / 中国大陆 / 剧情 喜剧 / 岳洋 / 林更新 李幼斌
34930810,平场之月,7.4,2025 / 日本 / 剧情 爱情 / 土井裕泰 / 堺雅人 井川遥
37561035,大使馆谋杀案,5.4,2025 / 英国 / 动作 悬疑 惊悚 冒险 / Stephen Shimek / 米莎·巴顿 拉哈·蕾贝里
36381774,白日梦奇遇记,6.5,2025 / 美国 / 喜剧 动画 家庭 奇幻 冒险 / 埃里克·本森 亚历山大·伍 / 朱莉·黄·拉帕波特 伊莱亚斯·詹森
37505432,咒术回战 涩谷事变×死灭回游 剧场版,6.5,2025 / 日本 / 剧情 动作 动画 奇幻 / 御所园翔太 / 榎木淳弥 内田雄马
37229744,倒退,6.7,2025 / 西班牙 多米尼加 / 悬疑 惊悚 / Jacob Santana / 海因米·洛伦特 曼努尔·维嘉
37352648,魔法坏女巫：奇幻之夜,8.4,2025 / 美国 / 音乐 歌舞 / 保罗·达格代尔 凯恩·萨菲亚里 克里斯多夫·斯科特 / 辛西娅·埃里沃 爱莉安娜·格兰德
36680492,大濛,7.8,2025 / 中国台湾 / 剧情 / 陈玉勋 / 方郁婷 柯炜林
36707378,铁血战士：杀戮之地,7.4,2025 / 美国 澳大利亚 新西兰 加拿大 德国 / 动作 科幻 惊悚 冒险 / 丹·特拉亨伯格 / 艾丽·范宁 迪米特里乌斯·舒斯特-科洛阿玛坦吉
35443478,猎杀游戏,5.8,2025 / 美国 英国 / 动作 科幻 惊悚 冒险 / 埃德加·赖特 / 格伦·鲍威尔 乔什·布洛林
35614162,旁观者,6.3,2025 / 中国大陆 / 剧情 / 松太加 / 陈坤 王砚辉
37077505,爆弹,7.2,2025 / 日本 / 悬疑 犯罪 / 永井聪 / 山田裕贵 佐藤二朗
37479626,巴霍巴利王：史诗,7.1,2025 / 印度 / 剧情 动作 奇幻 / S·S·拉贾穆里 / 帕拉巴斯 特曼娜·芭蒂亚
36219411,像我这样的爱情,7.1,2025 / 中国香港 / 剧情 爱情 / 谭惠贞 / 廖子妤 陈家乐
37258105,安全屋,6.6,2025 / 美国 / 动作 悬疑 / Jamie Marshall / 卢锡安·拉维斯科特 汉娜·乔恩-卡门
35700339,飞行家,7.1,2025 / 中国大陆 / 剧情 喜剧 / 鹏飞 / 蒋奇明 李雪琴
36894424,放飞旅行团,5.7,2025 / 韩国 / 剧情 / 南大中 / 姜河那 金英光
37213104,东京出租车,8.0,2025 / 日本 / 剧情 / 山田洋次 / 倍赏千惠子 木村拓哉
37388734,午夜之花,6.1,2025 / 日本 / 犯罪 / 内田英治 / 北川景子 森田望智
37039108,地母,7.1,2025 / 马来西亚 意大利 中国香港 / 剧情 / 张吉安 / 范冰冰 许恩怡
36752985,下一个台风,6.9,2025 / 中国大陆 / 剧情 / 李玉 / 张子枫 张伟丽
36689647,遇见世界,7.6,2025 / 日本 / 剧情 / 松居大悟 / 杉咲花 南琴奈
37657537,宿主,5.4,2025 / 泰国 / 剧情 惊悚 恐怖 / 拜拉契·坤完 / 泰蒂娅·吉拉庞恩斯普 薇琳萨兰·唐绮苏瓦妮
36999797,为你遗憾,5.7,2025 / 德国 美国 / 剧情 / 约什·布恩 / 麦肯娜·格瑞丝 梅森·泰晤士
36962864,正在缩小的男人,6.4,2025 / 法国 比利时 / 科幻 冒险 / 扬·高能 / 让·杜雅尔丹 玛丽-乔西·克罗兹
36904780,真理与背叛,7.4,2025 / 立陶宛 美国 / 剧情 惊悚 历史 / 马特·惠特可 / 伊万·霍罗克斯 鲁珀特·伊文斯
37168695,草莓月亮,7.3,2025 / 日本 / 剧情 爱情 / 酒井麻衣 / 当真亚美 斋藤润
37517140,藤本树 17-26,8.3,2025 / 日本 / 剧情 科幻 动画 奇幻 / 长屋诚志郎 木村延景 武内宣之 安藤尚也 渡边彻明 寺泽和晃 本间修 / 小野贤章 樱井诗音
37296317,喂，应为,6.3,2025 / 日本 / 剧情 传记 / 大森立嗣 / 长泽雅美 永濑正敏
36621696,黑色电话2,6.0,2025 / 美国 加拿大 / 恐怖 / 斯科特·德瑞克森 / 伊桑·霍克 梅森·泰晤士
3401672,蠢特夫妇,5.9,2025 / 美国 英国 / 喜剧 动画 奇幻 冒险 / 菲尔·约翰斯顿 托德·德蒙 凯蒂·沙纳汉 / 约翰尼·维加斯 玛格·马丁戴尔
37168030,我们的错误,5.6,2025 / 西班牙 / 剧情 爱情 / 多明戈·冈萨雷斯 / 妮可·华莱士 加布里埃尔·格瓦拉
36772307,冰湖行动,5.6,2025 / 美国 / 惊悚 犯罪 / 斯戴芬·卢佐维茨基 / 乔尔·金纳曼 卡拉·杰德·迈尔斯
37259344,死后人人爱,6.0,2025 / 泰国 / 剧情 惊悚 犯罪 / 尼提瓦·塔拉吞 / 提拉德·翁坡帕 瓦西拉维奇·哇塔纳帕迪派善
37019075,蒙特利尔，我的美人,7.6,2025 / 加拿大 / 剧情 同性 / 和晓丹 / 陈冲 夏洛特·奥宾
35811719,周年纪念日,6.4,2025 / 美国 / 惊悚 / 扬·科马萨 / 戴安·琳恩 凯尔·钱德勒
36446114,开麦了吗？,5.8,2025 / 美国 / 剧情 喜剧 / 布莱德利·库珀 / 威尔·阿奈特 劳拉·邓恩
36894887,10号舱房的女人,5.7,2025 / 美国 英国 / 剧情 悬疑 惊悚 / 西蒙·斯通 / 凯拉·奈特莉 盖·皮尔斯
37474018,泥娃娃,5.7,2025 / 中国台湾 / 惊悚 恐怖 / 解孟儒 / 杨祐宁 蔡思韵
37312482,爱上平行时空的你,8.0,2025 / 俄罗斯 / 剧情 喜剧 爱情 奇幻 / 达里娅·列别杰娃 / 米拉·埃尔绍娃 尤里·纳索诺夫
36915053,可拉米洛,6.7,2025 / 巴西 / 剧情 喜剧 家庭 / Diego Freitas / 哈法埃尔·维奇 Diego Freitas
30246476,创：战神,6.1,2025 / 美国 / 动作 科幻 冒险 / 乔阿吉姆·罗恩尼 / 杰瑞德·莱托 格蕾塔·李
36302240,楚门之鼠,7.5,2025 / 西班牙 / 喜剧 动画 / 阿尔贝托·巴斯克斯
36691620,至尊马蒂,7.3,2025 / 芬兰 美国 / 剧情 运动 / 乔什·萨弗迪 / 提莫西·查拉梅 格温妮斯·帕特洛
37107063,震耳欲聋,7.4,2025 / 中国大陆 / 剧情 犯罪 / 万力 / 檀健次 兰西雅
36171586,谁想当老大,6.1,2025 / 韩国 / 喜剧 动作 / 罗喜灿 / 赵祐镇 郑敬淏
37089972,致命录像带：万圣节,6.2,2025 / 美国 / 恐怖 / 布莱恩·M·弗格森 加斯帕·凯利 R·H·诺曼 亚历克斯·罗斯·派瑞 米其琳·皮特 帕科·普拉萨 安娜·兹洛科维奇 / 大卫·海顿 安娜·麦克凯尔维
35382381,刺杀小说家2,5.8,2025 / 中国大陆 / 动作 奇幻 / 路阳 / 邓超 董子健
36347260,盗亦有道,6.4,2025 / 澳大利亚 美国 / 剧情 犯罪 / 沙恩·布莱克 / 马克·沃尔伯格 勒凯斯·斯坦菲尔德
36402017,毕正明的证明,7.2,2025 / 中国大陆 / 剧情 犯罪 / 佟志坚 / 王安宇 张天爱
36830173,三国的星空第一部,7.0,2025 / 中国大陆 / 动画 历史 / 于孟 袁原 / 檀健次 路金波
37469727,祸祸女,5.6,2025 / 日本 / 喜剧 惊悚 恐怖 / 吉田有里 / 南沙良 前田旺志郎
36296619,志愿军：浴血和平,7.1,2025 / 中国大陆 / 剧情 历史 战争 / 陈凯歌 / 张子枫 宋佳
36207392,浪浪人生,6.1,2025 / 中国大陆 / 剧情 喜剧 家庭 / 马林 / 黄渤 范丞丞
37228408,布吕歇尔号巡洋舰,7.3,2025 / 挪威 / 剧情 历史 战争 / Daniel Fahre / 比约恩·桑德奎斯特 安德烈·伯恩森
36893589,法式恋人,5.7,2025 / 法国 / 喜剧 爱情 / 莉萨-妮娜·里夫斯 / 奥玛·希 萨拉·吉罗多
36948291,女孩们,7.5,2025 / 荷兰 奥地利 比利时 / 剧情 惊悚 / 迈克·范·迪姆 / 斯科拉·鲁特 费德贾·范·胡艾特
37090070,明明不是我！,5.7,2025 / 日本 / 剧情 悬疑 / 山田笃宏 / 阿部宽 芦田爱菜
37479896,肉食日,5.7,2025 / 荷兰 / 恐怖 / Martijn Smits / Caro Derkx Sem Ben Yakar
36614680,索命哨,5.3,2025 / 加拿大 爱尔兰 / 恐怖 / 科林·哈迪 / 达芙妮·基恩 苏菲·奈丽丝
36777886,团战之夜,6.6,2025 / 德国 美国 / 剧情 喜剧 科幻 / 戈尔·维宾斯基 / 山姆·洛克威尔 史蒂夫·马克
36176155,一战再战,8.0,2025 / 美国 / 剧情 动作 惊悚 犯罪 / 保罗·托马斯·安德森 / 莱昂纳多·迪卡普里奥 西恩·潘
36857150,她行走于黑暗中,6.2,2025 / 西班牙 / 剧情 惊悚 历史 / 阿古斯丁·迪亚斯·亚内斯 / 苏珊娜·阿巴图纳·戈麦斯 劳尔·阿雷瓦洛
37109415,平安夜，杀人夜,6.1,2025 / 美国 / 惊悚 恐怖 / 迈克·P·纳尔逊 / 罗汉·坎贝尔 露比·莫迪恩
37066724,他年她日,7.5,2025 / 中国香港 中国台湾 / 爱情 奇幻 / 龚兆平 / 许光汉 袁澧林
36576305,女孩不平凡,7.1,2025 / 中国台湾 中国澳门 中国香港 泰国 / 剧情 爱情 同性 / 徐欣羨 / 廖子妤 余香凝
37069578,万事顺利,7.6,2025 / 日本 / 剧情 / 児山隆 / 南沙良 出口夏希
34850565,南方时光,6.2,2025 / 中国台湾 / 剧情 / 曹仕翰 / 陈玄力 吴慷仁
36883109,宝岛,6.2,2025 / 日本 / 剧情 历史 / 大友启史 / 妻夫木聪 广濑铃
37106646,保护者,6.2,2025 / 美国 / 动作 惊悚 / 阿德里安·格鲁伯格 / 米拉·乔沃维奇 马修·莫迪恩
37455277,死神之夜,5.6,2025 / 美国 / 剧情 惊悚 恐怖 / 布兰登·克里斯坦森 / 杰西卡·克莱门特 瑞安·罗宾斯
36686227,伦敦呼叫,5.9,2025 / 美国 南非 / 喜剧 动作 / 阿伦·安加 / 乔什·杜哈明 杰里米·雷·泰勒
37480003,杀手#4,6.4,2025 / 中国香港 日本 / 动作 犯罪 / 喇英 / 魏浚笙 南沙良
37322522,愚者的身份,6.9,2025 / 日本 / 惊悚 / 永田琴 / 北村匠海 绫野刚
37496194,吉安马可·索雷西：欢乐窃贼,8.9,2025 / 美国 / 吉安马可·索雷西
35295232,绮梦之旅,5.7,2025 / 美国 爱尔兰 / 剧情 爱情 奇幻 冒险 / 郭共达 / 玛格特·罗比 科林·法瑞尔
37154895,楼上的人们,6.3,2025 / 韩国 / 剧情 爱情 / 河正宇 / 河正宇 李荷妮
36960951,猩疯血雨,5.4,2025 / 美国 英国 加拿大 澳大利亚 / 恐怖 / 约翰内斯·罗伯茨 / 约翰尼·斯奎娅 杰西·亚历山大
36795366,猛虎末路,6.7,2025 / 德国 / 剧情 动作 历史 战争 / 丹尼斯·甘塞尔 / 劳伦斯·鲁波 大卫·舒特
37455042,我们是伯利恒,7.4,2025 / 阿根廷 / 剧情 犯罪 / 多洛蕾斯·方齐 / 多洛蕾斯·方齐 卡米拉·普拉阿特
36654373,政坛新星,5.8,2025 / 美国 / 剧情 喜剧 / 詹姆斯·L·布鲁克斯 / 艾玛·麦基 杰米·李·柯蒂斯
37049323,秒速5厘米,7.4,2025 / 日本 / 剧情 爱情 / 奥山由之 / 松村北斗 高畑充希
37090072,把哥哥变成可以携带的尺寸,6.7,2025 / 日本 / 剧情 喜剧 / 中野量太 / 柴崎幸 小田切让
37249349,鬼市,5.3,2025 / 韩国 / 惊悚 恐怖 / 洪元基 / 刘宰明 文彩元
36782374,轻于鸿毛,6.2,2025 / 中国大陆 / 剧情 / 周铨 / 宋佳 佟丽娅
36978619,乌龙巴黎梦,5.8,2025 / 美国 / 剧情 喜剧 爱情 / 贾宁·达米安 / 米兰达·卡斯格拉夫 皮尔森·福德
37331479,捏造贝多芬,5.6,2025 / 日本 / 剧情 / 关和亮 / 山田裕贵 古田新太
35268609,安身何处,7.0,2025 / 美国 / 剧情 喜剧 / 霍尔·哈特利 / 比尔·萨奇 埃迪·法可
35881440,唐顿庄园3,8.6,2025 / 英国 美国 / 剧情 / 西蒙·柯蒂斯 / 米歇尔·道克瑞 休·博纳维尔
36245712,三级警戒,7.9,2025 / 美国 / 喜剧 动作 / 克里斯托弗·莱昂内 / 雷恩·威尔森 里尔·莱尔·哈瓦瑞
37045933,无名之町,5.7,2025 / 日本 / 剧情 犯罪 / 田中亮 / 福山雅治 有村架纯
35270404,死亡竞走,5.4,2025 / 美国 加拿大 / 惊悚 恐怖 / 弗朗西斯·劳伦斯 / 库珀·霍夫曼 戴维·荣松
37125887,家用摄像头,5.5,2025 / 韩国 / 恐怖 / 吴世浩 / 尹世雅 权赫
37068430,两架钢琴,6.1,2025 / 法国 / 剧情 爱情 音乐 / 阿诺·戴普勒尚 / 弗朗索瓦·西维尔 娜迪亚·特列什科维奇
36828567,点爱成金,7.7,2025 / 美国 / 剧情 传记 / 蕾琪儿·戈登堡 / 莉莉·詹姆斯 杰克逊·怀特
37233382,三声再见,7.8,2025 / 意大利 西班牙 / 剧情 / 伊莎贝尔·科赛特 / 阿尔芭·罗尔瓦赫尔 埃利奥·杰曼诺
36141933,尘兔,5.9,2025 / 美国 / 剧情 动作 惊悚 恐怖 / 布莱恩·福勒 / 大卫·达斯马齐连 麦斯·米科尔森
35182657,母鸡,7.4,2025 / 德国 希腊 匈牙利 / 剧情 家庭 / 乔治·巴勒菲 / 雅尼斯·科基亚斯梅诺斯 玛丽亚·迪亚科帕纳约图
36236940,成年,5.6,2025 / 美国 / 喜剧 悬疑 犯罪 / 亚历克斯·温特 / 安东尼·卡里根 卡雅·斯考达里奥
36860441,妥瑞氏与我,8.3,2025 / 英国 / 剧情 传记 历史 / 柯克·琼斯 / 罗伯特·阿拉马约 彼得·穆兰
37227058,奇南客栈,7.6,2025 / 越南 / 剧情 爱情 / 黎光 / 连炳发 杜氏海燕
36707354,永恒站,7.2,2025 / 美国 / 剧情 喜剧 爱情 奇幻 / 大卫·费恩 / 迈尔斯·特勒 伊丽莎白·奥尔森
36085606,好孩子,8.1,2025 / 新加坡 / 剧情 同性 / 王国燊 / 许瑞奇 洪慧芳
36362847,海达,6.1,2025 / 美国 / 剧情 / 尼娅·达科斯塔 / 泰莎·汤普森 伊莫琴·普茨
36679932,纽伦堡,7.3,2025 / 美国 匈牙利 / 剧情 惊悚 历史 / 詹姆斯·范德比尔特 / 罗素·克劳 拉米·马雷克
37116612,世界的主人,9.1,2025 / 韩国 / 剧情 / 尹佳恩 / 徐粹彬 张慧珍
37123674,时装,6.1,2025 / 法国 美国 / 剧情 / 艾丽斯·威诺古尔 / 安吉丽娜·朱莉 阿尼尔·阿内伊
36764944,屋顶人,7.1,2025 / 美国 / 剧情 犯罪 / 德里克·斯安弗朗斯 / 查宁·塔图姆 克尔斯滕·邓斯特
36772308,替补悍警,6.4,2025 / 加拿大 美国 / 动作 惊悚 犯罪 / 本·维特利  / 鲍勃·奥登科克 琳娜·海蒂
36877245,火遮眼,8.9,2025 / 中国香港 中国大陆 / 动作 惊悚 / 谷垣健治 / 谢苗 杨恩又
36650662,临租家庭,7.3,2025 / 日本 美国 / 剧情 喜剧 / 宫崎光代 / 布兰登·费舍 平岳大
37033729,英雄百夜,6.5,2025 / 英国 / 爱情 同性 奇幻 / 朱莉娅·杰克曼 / 艾玛·科林 麦卡·梦露
36367175,好运,6.2,2025 / 美国 / 喜剧 动作 爱情 奇幻 / 阿兹·安萨里 / 阿兹·安萨里 基努·里维斯
35419153,利刃出鞘3,7.6,2025 / 美国 / 剧情 喜剧 悬疑 惊悚 犯罪 / 莱恩·约翰逊 / 丹尼尔·克雷格 乔什·奥康纳
36909418,凶降喜讯,7.7,2025 / 韩国 / 喜剧 惊悚 犯罪 / 卞成贤 / 薛景求 红炅
36770062,史蒂夫,6.4,2025 / 英国 爱尔兰 / 剧情 喜剧 / 蒂姆·米兰特斯 / 基里安·墨菲 杰伊·利库戈
36978167,脸庞,6.5,2025 / 韩国 / 悬疑 惊悚 / 延尚昊 / 朴正民 权海骁
36642287,火烧天堂镇,7.2,2025 / 美国 / 剧情 传记 / 保罗·格林格拉斯 / 马修·麦康纳 亚美莉卡·费雷拉
36472989,巴勒斯坦36,6.6,2025 / 巴勒斯坦 英国 法国 卡塔尔 沙特阿拉伯 丹麦 约旦 挪威 / 剧情 / 安娜玛丽·雅西尔 / 杰瑞米·艾恩斯 罗伯特·阿拉马约
36749535,恶徒,6.9,2025 / 波兰 英国 / 剧情 悬疑 惊悚 恐怖 犯罪 / 扬·科马萨 / 斯蒂芬·格拉汉姆 安德丽娅·赖斯伯勒
36964147,日掛中天,7.1,2025 / 中国大陆 / 剧情 / 蔡尚君 / 辛芷蕾 张颂文
36171173,杀人者报告,7.1,2025 / 韩国 / 犯罪 / 曹英俊 / 郑成日 赵汝贞
36886334,克里斯蒂,6.6,2025 / 美国 / 剧情 传记 运动 / 大卫·米奇欧德 / 西德尼·斯维尼 本·福斯特
35740377,弗兰茨,7.1,2025 / 捷克 波兰 德国 法国 土耳其 / 剧情 传记 历史 / 阿格涅丝卡·霍兰 / 伊丹·魏斯 彼得·库尔特
37293378,非穷尽列举,9.1,2025 / 英国 / 剧情 / 贾斯汀·马丁 / 裴淳华 贾斯珀·塔博特
36986482,女孩,7.2,2025 / 中国台湾 中国大陆 / 剧情 / 舒淇 / 邱泽 汤毓绮
36174652,核,6.8,2025 / 新加坡 荷兰 法国 西班牙 韩国 / 剧情 / 陈思攸 / 郑凯心 李雯
36828836,合唱团,6.7,2025 / 英国 / 剧情 爱情 音乐 历史 / 尼古拉斯·希特纳 / 拉尔夫·费因斯 罗杰·阿拉姆
37469599,如果能成为恋人,7.0,2025 / 日本 / 剧情 爱情 / 山中瑶子 / 中田青渚 金子大地
37445715,欣德·拉贾布之声,6.8,2025 / 突尼斯 法国 英国 沙特阿拉伯 美国 意大利 塞浦路斯 / 剧情 / 考塞尔·本·哈尼耶 / 萨贾·基拉尼 莫塔兹·马希斯
36809537,杜塞,6.2,2025 / 意大利 / 剧情 传记 历史 / 皮耶特罗·马切罗 / 瓦莱丽亚·布鲁尼·泰德斯基 诺米·梅兰特
36131988,招魂4：终章,6.2,2025 / 英国 美国 / 悬疑 惊悚 恐怖 / 迈克尔·查维斯 / 帕特里克·威尔森 维拉·法米加
37363811,最后的KPI,7.0,2025 / 泰国 / 剧情 / 纳瓦彭·坦荣瓜塔纳利 / 帕拉帕蒙通·伊埃猜 帕奥佩茨·查伦舒克
37284351,局外人,7.3,2025 / 法国 / 剧情 犯罪 / 弗朗索瓦·欧容 / 本杰明·瓦赞 丽贝卡·马德
36803372,死人开关,6.2,2025 / 美国 / 剧情 历史 犯罪 / 格斯·范·桑特 / 比尔·斯卡斯加德 戴克·蒙哥马利
36889911,炸药屋,6.4,2025 / 美国 / 剧情 惊悚 / 凯瑟琳·毕格罗 / 伊德瑞斯·艾尔巴 丽贝卡·弗格森
34881732,粉碎机,5.9,2025 / 美国 / 剧情 动作 传记 运动 / 本·萨弗迪 / 道恩·强森 艾米莉·布朗特
36897391,克里姆林宫的魔术师,5.6,2025 / 美国 英国 法国 / 剧情 惊悚 / 奥利维耶·阿萨亚斯 / 保罗·达诺 裘德·洛
37155367,安·李的遗嘱,6.0,2025 / 英国 / 剧情 歌舞 历史 / 莫娜·法斯特欧德 / 阿曼达·塞弗里德 刘易斯·普尔曼
36879624,迷失之地,7.6,2025 / 日本 法国 马来西亚 德国 / 剧情 / 藤元明绪 / Muhammad Shofik Rias Uddin Shomira Rias Uddin
3262044,弗兰肯斯坦,7.4,2025 / 墨西哥 美国 / 剧情 科幻 恐怖 奇幻 / 吉尔莫·德尔·托罗 / 奥斯卡·伊萨克 雅各布·艾洛蒂
36635632,父母姐弟,6.5,2025 / 美国 英国 意大利 法国 爱尔兰 德国 / 剧情 喜剧 / 吉姆·贾木许 / 汤姆·威兹 亚当·德赖弗
36948664,卷卷初恋,7.0,2025 / 韩国 / 剧情 喜剧 爱情 / 南宫善 / 申银秀 孔明
37193871,执笔,7.0,2025 / 法国 / 剧情 传记 / 薇拉莉·邓泽里 / 巴斯蒂安·布永 安德烈·马尔孔
37089559,微笑的山谷,6.8,2025 / 意大利 斯洛文尼亚 / 剧情 恐怖 / 保罗·斯特里波利 / 米凯莱·里翁迪诺 罗马纳·马乔拉·韦尔加诺
36416363,最后的维京人,7.1,2025 / 丹麦 / 剧情 喜剧 / 安诺斯·托马斯·延森 / 麦斯·米科尔森 尼古拉·雷·卡斯
36742577,无处释放我,6.0,2025 / 美国 / 剧情 / 斯科特·库珀 / 杰瑞米·艾伦·怀特 杰瑞米·斯特朗
4092781,无可奈何,7.3,2025 / 韩国 / 剧情 喜剧 惊悚 犯罪 / 朴赞郁 / 李炳宪 孙艺珍
35618471,哈姆奈特,7.8,2025 / 英国 美国 / 剧情 爱情 传记 历史 / 赵婷 / 杰西·巴克利 保罗·麦斯卡
36900800,马拉加街夕阳红,7.6,2025 / 西班牙 法国 德国 比利时 摩洛哥 / 剧情 / 玛丽亚姆·图扎尼 / 卡门·毛拉 玛尔塔·埃图拉
36638072,有朵云像你,6.4,2025 / 中国大陆 / 剧情 爱情 奇幻 / 姚婷婷 / 屈楚萧 王子文
36829527,猎杀之后,5.9,2025 / 美国 意大利 / 剧情 惊悚 犯罪 / 卢卡·瓜达尼诺 / 朱莉娅·罗伯茨 阿尤·艾德维利
37484587,黑伞人,5.7,2025 / 美国 / 恐怖 / 瑞奇·昂伯格   / Carey Bibb Robert Bigley
36767890,周四推理俱乐部,6.8,2025 / 美国 英国 / 喜剧 悬疑 惊悚 犯罪 / 克里斯·哥伦布 / 海伦·米伦 皮尔斯·布鲁斯南
35064920,拯救地球,7.1,2025 / 爱尔兰 英国 加拿大 韩国 美国 / 喜剧 科幻 犯罪 / 欧格斯·兰斯莫斯 / 艾玛·斯通 杰西·普莱蒙
36243544,孤儿,6.0,2025 / 匈牙利 英国 美国 塞浦路斯 法国 德国 / 剧情 传记 历史 / 拉斯洛·奈迈施 / 博伊托尔扬·巴拉巴斯 安德烈亚·瓦斯科维奇
36686604,影星杰·凯利,6.2,2025 / 美国 英国 意大利 / 剧情 喜剧 / 诺亚·鲍姆巴赫 / 乔治·克鲁尼 亚当·桑德勒
36564929,奇异的河流,6.7,2025 / 西班牙 德国 / 剧情 爱情 / 豪梅·克拉雷特·穆克萨尔德 / 扬·蒙特 娜乌西卡·邦宁
36779171,偷天盗日,6.0,2025 / 美国 / 惊悚 犯罪 / 达伦·阿伦诺夫斯基 / 奥斯汀·巴特勒 雷吉娜·金
37143216,恩典,7.5,2025 / 意大利 / 剧情 / 保罗·索伦蒂诺 / 托尼·塞尔维洛 安娜·费泽蒂
36833084,玫瑰,7.4,2025 / 英国 澳大利亚 美国 / 剧情 喜剧 / 杰伊·罗奇 / 奥利维娅·科尔曼 本尼迪克特·康伯巴奇
37657745,驯服2,6.0,2025 / 印度 / 惊悚 恐怖 / Yash Vaishnav Krishnadev Yagnik / Janki Bodiwala Hitu Kanodia
37154144,隔壁的星光,5.5,2025 / 日本 / 喜剧 爱情 / 松本花奈 / 福本莉子 八木勇征
37335303,角头：斗阵欸,6.3,2025 / 中国台湾 / 剧情 动作 犯罪 / 姜瑞智 姚宏易 / 高捷 蔡振南
36831721,原始战争,6.0,2025 / 澳大利亚 / 动作 科幻 恐怖 战争 / 卢克·斯帕克 / 瑞恩·柯万腾 翠西亚·希弗
36948340,通往你的地图,6.1,2025 / 美国 / 剧情 爱情 / 拉斯·霍尔斯道姆 / 玛德琳·克莱因 乔什·卢卡斯
36600459,捕风追影,8.1,2025 / 中国大陆 中国香港 / 剧情 动作 犯罪 / 杨子 / 成龙 张子枫
36801713,黑夜终至,5.9,2025 / 美国 英国 / 剧情 惊悚 犯罪 / 本·卡隆 / 凡妮莎·柯比 詹妮弗·杰森·李
37227650,旅途中的日子,7.1,2025 / 日本 / 剧情 / 三宅唱 / 沈恩敬 堤真一
36176467,小人物2,6.3,2025 / 美国 加拿大 / 喜剧 动作 惊悚 犯罪 / 提莫·塔哈亚托 / 鲍勃·奥登科克 康妮·尼尔森
35699905,落叶球,7.1,2025 / 德国 格鲁吉亚 / 剧情 / 亚历山大·科贝里泽 / 乔治·博乔里什维利 Irina Chelidze
35604019,恶魔搬进来了,6.2,2025 / 韩国 / 喜剧 爱情 / 李相槿 / 林允儿 安普贤
36720964,德古拉,6.3,2025 / 罗马尼亚 奥地利 卢森堡 巴西 英国 瑞士 / 喜剧 恐怖 歌舞 / 拉杜·裘德 / 阿多尼斯·坦察 奥安娜·玛丽亚·扎哈里亚
37161026,蜡笔小新：灼热的春日部舞者们,7.3,2025 / 日本 / 喜剧 动画 音乐 家庭 / 桥本昌和 / 小林由美子 楢桥美纪
36403252,辣妈辣妹2,6.8,2025 / 美国 / 喜剧 家庭 奇幻 / 尼萨·加纳特 / 杰米·李·柯蒂斯 琳赛·洛翰
35700148,冬日之死,6.3,2025 / 美国 德国 / 动作 惊悚 / 布莱恩·柯克 / 艾玛·汤普森 朱迪·格雷尔
37155129,近畿怪谈,6.4,2025 / 日本 / 恐怖 / 白石晃士 / 菅野美穗 赤楚卫二
36522427,奇遇,6.9,2025 / 中国大陆 / 喜剧 / 马多 / 贾冰 王皓
37202778,桑格豪森的渴望,7.3,2025 / 德国 / 剧情 喜剧 / 尤利安·拉德迈耶 / 克拉拉·施温宁 马瑞尔·凯沙瓦茨
36221247,凶器,6.8,2025 / 美国 / 剧情 悬疑 惊悚 恐怖 / 扎克·克雷格 / 朱莉娅·加纳 乔什·布洛林
37113225,代号巴德,5.8,2025 / 法国 / 动作 惊悚 / 纪尧姆·德·丰特奈 / 玛丽恩·瓦科特 埃马纽埃尔·贝克特
37046106,TOKYO MER～移动的急救室～南海任务 电影版,7.4,2025 / 日本 / 剧情 / 松木彩 / 铃木亮平 贺来贤人
36481311,亡命父女,6.1,2025 / 美国 英国 / 剧情 惊悚 / 尼克·罗兰 / 塔伦·埃哲顿 安娜·索菲亚·海格尔
25792787,白头神探：智斗灭世狂人,5.8,2025 / 美国 加拿大 / 喜剧 动作 犯罪 / 阿吉瓦·沙弗尔 / 连姆·尼森 帕米拉·安德森
36841068,德古拉,5.5,2025 / 英国 法国 / 爱情 恐怖 奇幻 / 吕克·贝松 / 卡莱伯·兰德里·琼斯 克里斯托弗·瓦尔兹
36936356,我的僵尸女儿,6.6,2025 / 韩国 / 喜剧 科幻 惊悚 / 毕感成 / 曹政奭 李姃垠
36523101,触电,6.3,2025 / 中国香港 / 喜剧 动作 / 梁国辉 / 林敏骢 陈颖欣
37250117,暗流低语,5.7,2025 / 加拿大 / 科幻 惊悚 恐怖 / 伊恩·图阿松 / 尼娜·凯莉 亚当·迪马科
37337369,喜羊羊与灰太狼之异国破晓,6.7,2025 / 中国大陆 / 喜剧 动画 / 陈辉衍 梁嘉琪
36438475,浪浪山小妖怪,8.5,2025 / 中国大陆 / 剧情 喜剧 动画 奇幻 / 於水 / 陈子平 路扬
36826096,高尔夫球也疯狂2,6.3,2025 / 美国 / 喜剧 运动 / 凯尔·纽瓦切克 / 亚当·桑德勒 本·斯蒂勒
37209893,剧场版 假面骑士加布 零食之家的侵略者,8.3,2025 / 日本 / 剧情 动作 科幻 / 杉原辉昭 / 知念英和 日野友辅
37493412,妄人妄途,7.3,2025 / 印度 / 剧情 喜剧 惊悚 / 苏迪希斯·桑卡尔 / 法哈德·法西尔 瓦迪维卢
35744936,甜蜜养老院,6.0,2025 / 美国 / 惊悚 恐怖 / 詹姆斯·德莫纳克 / 皮特·戴维森 约翰·格洛弗
37209859,头号战队豪兽者：复活的特伽索德,7.6,2025 / 日本 / 剧情 动作 科幻 / 田崎龙太 / 冬野心央 铃木秀修
36829507,坏蛋联盟2,7.6,2025 / 美国 / 喜剧 动作 动画 悬疑 犯罪 冒险 / 皮埃尔·佩里费尔  J·P·桑斯 / 山姆·洛克威尔 马克·马龙
35483395,戏台,7.9,2025 / 中国大陆 中国香港 / 剧情 喜剧 / 陈佩斯 / 陈佩斯 黄渤
36809864,南京照相馆,8.8,2025 / 中国大陆 / 剧情 历史 战争 / 申奥 / 刘昊然 王传君
37346520,苍蝇之母,5.6,2025 / 美国 / 恐怖 / 约翰·亚当斯 泽尔达·亚当斯 托碧·波塞尔 / 约翰·亚当斯 露露·亚当斯
35515145,全知读者视角,6.3,2025 / 韩国 / 剧情 动作 奇幻 冒险 / 金秉祐 / 安孝燮 李敏镐
34825559,神奇4侠：初露锋芒,5.8,2025 / 英国 美国 加拿大 新西兰 / 动作 科幻 冒险 / 马特·沙克曼 / 佩德罗·帕斯卡 凡妮莎·柯比
36617018,象山发光事件,5.5,2025 / 中国大陆 / 悬疑 惊悚 / 赵域 / 小沈阳 王唯
36185502,长安的荔枝,7.5,2025 / 中国大陆 / 剧情 喜剧 古装 / 大鹏 / 大鹏 白客
36767956,你行！你上！,6.7,2025 / 中国大陆 / 剧情 喜剧 / 姜文 / 姜文 马丽
35929770,魔法蓝精灵,5.8,2025 / 美国 / 喜剧 动画 奇幻 冒险 / 克里斯·米勒 / 蕾哈娜 詹姆斯·柯登
36448279,罗小黑战记2,8.7,2025 / 中国大陆 / 动画 奇幻 冒险 / 木头 顾杰 / 山新 刘明月
36840069,墙外之音,6.2,2025 / 韩国 / 剧情 惊悚 / 金泰俊 / 姜河那 廉惠兰
37384911,极度召唤,5.7,2025 / 印度尼西亚 / 恐怖 / Hadrah Daeng Ratu / Mhd Arjunanta Djenar Maesa Ayu
36289419,聊斋：兰若寺,6.7,2025 / 中国大陆 / 剧情 喜剧 动画 奇幻 / 崔月梅 刘源 谢君伟 邹靖 黄鹤宇 刘一林 / 卢力峰 林强
37000932,斗罗大陆剧场版 剑道尘心,8.1,2025 / 中国大陆 / 动画 / 金蕾 / 苏阳如月 桑毓泽
36066042,禁忌凝视,5.9,2025 / 挪威 / 剧情 / 尼娜·克纳格 / 皮娅·吉尔塔 克里斯托弗·约纳尔
36188176,超人,6.3,2025 / 美国 / 动作 科幻 奇幻 冒险 / 詹姆斯·古恩 / 大卫·科伦斯韦 瑞秋·布罗斯纳安
36809947,恶意,6.0,2025 / 中国大陆 / 剧情 悬疑 / 来牧宽 姚文逸 / 张小斐 梅婷
37155318,无名之辈：否极泰来,5.6,2025 / 中国大陆 中国香港 / 喜剧 犯罪 / 饶晓志 / 章宇 任素汐
36171159,杀婴者,6.3,2025 / 韩国 / 动作 / 庾河 / 知英 李起光
37269786,不被爱也没关系,6.9,2025 / 日本 / 剧情 / 井樫彩 / 南沙良 马场富美加
36801987,嘻嘻嘻嘻吸血鬼,6.5,2025 / 日本 / 剧情 喜剧 爱情 / 滨崎慎治 / 吉泽亮 板垣李光人
36827697,砖墙谜攻,5.4,2025 / 德国 / 剧情 科幻 悬疑 惊悚 / 菲利普·科赫 / 马提亚斯·施维赫夫 露比·欧·菲
36743767,侏罗纪世界：重生,5.7,2025 / 美国 / 动作 科幻 惊悚 冒险 / 加里斯·爱德华斯 / 斯嘉丽·约翰逊 马赫沙拉·阿里
36170178,国家元首,6.6,2025 / 美国 / 喜剧 动作 惊悚 / 伊利亚·奈舒勒 / 伊德瑞斯·艾尔巴 约翰·塞纳
37273219,喂，太宰,6.2,2025 / 日本 / 剧情 / 三谷幸喜 / 田中圭 小池荣子
36217796,梅根2.0,6.6,2025 / 美国 新西兰 加拿大 / 动作 科幻 惊悚 恐怖 / 杰拉德·约翰斯通 / 艾莉森·威廉姆斯 维奥莱特·麦格劳
37149016,鲁邦三世：不死身的血族,6.3,2025 / 日本 / 剧情 动画 / 小池健 / 栗田贯一 大塚明夫
36960810,钢琴事故,6.4,2025 / 法国 / 剧情 喜剧 / 昆汀·杜皮约 / 阿黛尔·艾克萨勒霍布洛斯 克拉拉·蔡
35750086,维珍朋克：发条女孩,7.3,2025 / 日本 / 动作 科幻 动画 / 梅津泰臣 / 宫下早纪 小西克幸
35689244,F1：狂飙飞车,8.7,2025 / 美国 / 剧情 动作 运动 / 约瑟夫·科辛斯基 / 布拉德·皮特 戴姆森·伊德瑞斯
36650632,狗狗,7.2,2025 / 阿根廷 / 剧情 爱情 / 马可·伯格 / 日尔曼.弗洛德 胡安·拉莫斯
35391124,K-POP：猎魔女团,6.4,2025 / 美国 加拿大 / 喜剧 动作 动画 音乐 歌舞 奇幻 冒险 / 克里斯·艾伯翰斯 玛吉·康 / 赵雅顿 梅·洪
37077139,夏日沙上,5.8,2025 / 日本 / 剧情 / 玉田真也 / 小田切让 松隆子
37203218,德瓦克先生，你相信天使吗？,7.9,2025 / 德国 瑞士 / 剧情 喜剧 / 尼古拉斯·施泰纳 / 卢娜·韦德勒 拉斯·艾丁格
37376283,冰雪奇缘：音乐剧,8.3,2025 / 美国 / 喜剧 歌舞 家庭 奇幻 冒险 / 布雷特·沙利文 迈克尔·格兰达吉 / 萨曼莎·巴克斯 Craig Gallivan
36208089,7天,5.9,2025 / 中国大陆 / 剧情 爱情 / 邱玉洁 / 蒋奇明 张艺凡
36090458,地球特派员,6.8,2025 / 美国 / 剧情 喜剧 科幻 动画 家庭 奇幻 冒险 / 玛德琳·莎拉菲安 石之予 阿德里安·莫利纳 / 约纳斯·基布雷亚布 佐伊·索尔达娜
37344363,鲁邦三世：钱形与两个鲁邦,7.4,2025 / 日本 / 剧情 动画 / 小池健 / 山寺宏一 泽城美雪
34850525,96分钟：列车爆炸案,6.9,2025 / 中国台湾 / 剧情 动作 犯罪 / 洪子烜 / 林柏宏 宋芸桦
36913121,地球上的星星2,6.5,2025 / 印度 / 剧情 喜剧 运动 / R·S·普拉萨纳  / 阿米尔·汗 珍妮莉亚·狄索莎
35590993,长夜将尽,6.7,2025 / 中国大陆 / 剧情 爱情 犯罪 / 王通 / 万茜 饶晓志
36144741,惊变28年,5.6,2025 / 英国 美国 / 科幻 惊悚 恐怖 / 丹尼·博伊尔 / 朱迪·科默 阿尔菲·威廉姆斯
37374404,黑，红，黄,6.9,2025 / 吉尔吉斯斯坦 / 剧情 / 阿克坦·阿布德卡雷科夫 / 娜吉扎·玛玛特库洛娃 米尔兰·阿布德卡雷科夫
37226447,唯有美好,6.6,2025 / 巴西 / 剧情 同性 / 丹尼尔·诺拉斯科 / 卢卡斯·德拉蒙德 列夫·卡洛斯
36453173,脱缰者也,5.3,2025 / 中国大陆 / 喜剧 犯罪 / 曹保平 / 郭麒麟 齐溪
37296294,终点的少女,6.3,2025 / 日本 / 剧情 / 吉田浩太 / 当真亚美 中岛塞娜
37369298,被记住事物的气味,6.9,2025 / 葡萄牙 巴西 / 剧情 / 安东尼奥·费雷拉  / 若泽·马丁斯 米娜·安达拉
36909312,翠湖,7.8,2025 / 中国大陆 / 剧情 / 王籽璇 / 李振平 王娟
30305568,比如父子,5.2,2025 / 中国大陆 法国 / 剧情 科幻 / 仇晟 / 宋洋 孙宁
36942731,普通的孩子,7.6,2025 / 日本 / 剧情 儿童 / 吴美保 / 岛田铁太 瑠璃
36893213,灵雀密语,7.4,2025 / 法国 比利时 / 动画 家庭 冒险 / 安东尼·兰席奥 / 露西·莱昂蒂亚迪斯 安东·苏韦尔比-乔尔吉斯
37037980,小林家的龙丫头：怕寂寞的龙,7.4,2025 / 日本 / 剧情 动画 奇幻 / 石原立也 / 长绳麻理亚 田村睦心
37284414,攻击鬼魂13号,5.7,2025 / 泰国 / 惊悚 恐怖 / 塔韦华·温泰 / 格兰妮·拉素冰帕索尔 维林萨拉·唐基苏瓦尼奇
36410826,破坏神,5.6,2025 / 智利 美国 / 动作 / 埃内斯托·迪亚兹·埃斯皮诺萨 / 斯科特·阿金斯 马克·扎罗
37168714,前线,6.0,2025 / 日本 / 剧情 / 关根光才 / 小栗旬 松坂桃李
36531164,废世界,7.2,2025 / 日本 / 科幻 动画 奇幻 冒险 / 堀贵秀
37192550,如月车站Re：,6.1,2025 / 日本 / 恐怖 / 永江二朗 / 本田望结 奥菜惠
36453674,物质主义者,6.0,2025 / 美国 芬兰 / 喜剧 爱情 / 席琳·宋 / 达科塔·约翰逊 克里斯·埃文斯
36303600,回声谷,6.3,2025 / 美国 / 剧情 惊悚 / 迈克·皮尔斯 / 朱丽安·摩尔 西德尼·斯维尼
36907269,凤仙花,7.4,2025 / 日本 / 动画 / 木下麦 / 小林薰 户塚纯贵
35393280,雄狗狗大冒险,6.6,2025 / 美国 巴西 / 喜剧 动画 / 格恩迪·塔塔科夫斯基 / 亚当·德维尼 伊德瑞斯·艾尔巴
34954069,世外,7.0,2025 / 中国香港 / 动画 / 吴启忠 / 钟雪莹 蔡晓童
36764327,即兴卧底,7.3,2025 / 英国 / 喜剧 动作 犯罪 / 汤姆·金斯利 / 布莱丝·达拉斯·霍华德 奥兰多·布鲁姆
37232669,杀戮轮回,5.8,2025 / 日本 / 动作 科幻 动画 战争 / 秋本贤一郎 中村幸憲 / 见上爱 花江夏树
36907263,百米。,7.9,2025 / 日本 / 剧情 动画 运动 / 岩井泽健治 / 松坂桃李 染谷将太
37226541,ChaO，我代表人类跟人鱼结婚了,6.3,2025 / 日本 / 动画 / 青木康浩 / 铃鹿央士 山田杏奈
37107803,捏造,6.7,2025 / 日本 / 剧情 惊悚 犯罪 / 三池崇史 / 绫野刚 柴崎幸
36962085,阴阳眼见子,6.5,2025 / 日本 / 喜剧 恐怖 奇幻 / 中村义洋 / 原菜乃华 久间田琳加
37219584,来点茶泡饭如何,5.7,2025 / 日本 / 剧情 / 富永昌敬 / 深川麻衣 若叶龙也
36247731,新·驯龙高手,8.3,2025 / 美国 / 剧情 喜剧 动作 奇幻 冒险 / 迪恩·戴布洛伊 / 梅森·泰晤士 妮可·帕克
35202820,柔似蜜,6.6,2025 / 美国 / 剧情 / 林文德 / 刘玉玲 劳伦斯·寿
37308797,救赎一击,5.7,2025 / 法国 比利时 / 动作 / 安托万·布勒西耶 / 西丽尔·甘恩 爱丽丝·贝拉迪
37309928,铁血战士：杀戮之王,7.7,2025 / 美国 / 动作 科幻 动画 惊悚 冒险 / 丹·特拉亨伯格 约书亚·瓦松 / 迈克尔·比恩 道格·科克尔
36915259,绝境末路,6.8,2025 / 美国 / 剧情 惊悚 / 泰勒·派瑞 / 塔拉吉·P·汉森 缇雅娜·泰勒
36899331,危情蜻蜓,7.4,2025 / 英国 / 剧情 惊悚 / 保罗·安德鲁·威廉姆斯 / 安德丽娅·赖斯伯勒 布兰达·布莱斯
37322586,生日快乐,8.8,2025 / 埃及 / 剧情 / 萨拉·戈赫尔 / 内莉·卡里姆 Hanan Motawie
34807062,疾速追杀：芭蕾杀姬,6.9,2025 / 美国 匈牙利 / 动作 惊悚 / 伦·怀斯曼 / 安娜·德·阿玛斯 基努·里维斯
37199270,头山,5.6,2025 / 美国 / 剧情 / 杰西·阿姆斯特朗 / 史蒂夫·卡瑞尔 詹森·舒瓦兹曼
37347724,当哒当：邪视,6.7,2025 / 日本 / 喜剧 动作 动画 奇幻 / 山代风我 阿贝尔·贡戈拉 / 若山诗音 花江夏树
37018194,咒术回战 怀玉·玉折 总集篇,8.3,2025 / 日本 / 剧情 动作 动画 奇幻 / 御所园翔太 / 中村悠一 樱井孝宏
35351910,超异能特攻,6.2,2025 / 韩国 / 喜剧 动作 奇幻 冒险 / 姜炯哲 / 李在仁 刘亚仁
36171174,烧酒战争,6.3,2025 / 韩国 / 剧情 传记 / 崔昀贞 / 文峰 李帝勋
36469477,时间之子,6.3,2025 / 中国大陆 / 爱情 动画 奇幻 冒险 / 于奥 周铁男 / 王俊凯 刘校妤
36519329,再见星上人,6.6,2025 / 韩国 / 剧情 喜剧 爱情 科幻 动画 / 韩知媛 / 金泰梨 红炅
36999840,仙逆剧场版 神临之战,7.1,2025 / 中国大陆 / 动作 动画 奇幻 古装 / 石头熊 李振锋 王建鑫 / 史泽鲲 张惠霖
36876356,复活她,6.7,2025 / 澳大利亚 美国 / 悬疑 恐怖 / 丹尼·菲利普 迈克尔·菲利普 / 莎莉·霍金斯 比利·巴瑞特
36894397,黄沙漫天,6.0,2025 / 中国大陆 / 喜剧 战争 / 伊力奇 / 小沈阳 周大勇
36779927,年轻母亲之家,6.8,2025 / 法国 比利时 / 剧情 / 让-皮埃尔·达内 吕克·达内 / 巴贝特·沃比克 艾尔莎·霍本
37037600,主谋,6.6,2025 / 美国 英国 / 犯罪 / 凯莉·莱卡特 / 乔什·奥康纳 阿拉娜·哈伊姆
36707357,亲爱的，别！,5.2,2025 / 美国 英国 / 喜剧 悬疑 惊悚 犯罪 / 伊桑·科恩 / 玛格丽特·库里 奥布瑞·普拉扎
37191804,岸边露伴一动不动 忏悔室,6.2,2025 / 日本 / 剧情 恐怖 奇幻 / 渡边一贵 / 高桥一生 饭丰万理江
36399215,13个日夜,6.3,2025 / 法国 比利时 / 动作 战争 / 马丁·布尔布隆 / 罗什迪·泽姆 琳娜·库德里
36191140,正面还是反面？,6.7,2025 / 意大利 美国 / 剧情 西部 / 阿莱西奥·里戈·德里吉 马泰奥·佐皮斯 / 娜迪亚·特列什科维奇 亚历桑德罗·博尔吉
36799751,旧时光景,7.8,2025 / 法国 / 剧情 喜剧 爱情 / 塞德里克·克拉皮斯 / 苏赞妮·林顿 亚伯拉罕·瓦普莱
36968879,夏日躁动,7.7,2025 / 法国 / 剧情 喜剧 / 丽丝·阿科卡 罗曼·格雷特 / 芬达·凯贝 希瑞尔·娜塔夫
35736046,搜查瑠公圳,6.0,2025 / 中国台湾 / 剧情 悬疑 犯罪 / 赖俊羽 / 朱轩洋 吴卓源
35705745,恋爱裁判,6.1,2025 / 日本 / 剧情 / 深田晃司 / 齐藤京子 仓悠贵
37227528,女人和孩子,5.7,2025 / 伊朗 法国 / 剧情 / 赛义德·鲁斯塔伊 / 佩瑞娜兹·伊查蒂尔 佩曼·莫阿迪
35416174,狂野时代,6.5,2025 / 中国大陆 法国 / 剧情 科幻 / 毕赣 / 易烊千玺 舒淇
36206660,是的,7.2,2025 / 法国 塞浦路斯 德国 以色列 / 剧情 / 那达夫·拉皮德 / 艾里尔·布隆兹 伊芙雷特·多
37134197,平原上的迷途,6.5,2025 / 意大利 德国 / 剧情 喜剧 犯罪 / 弗朗切斯科·索赛 / 菲利波·斯科蒂 塞尔吉奥·罗马诺
36413501,情感价值,7.6,2025 / 挪威 德国 丹麦 法国 瑞典 英国 / 剧情 / 约阿希姆·提尔 / 雷娜特·赖因斯夫 斯特兰·斯卡斯加德
30345743,星际宝贝史迪奇,7.1,2025 / 美国 / 喜剧 动作 科幻 奇幻 冒险 / 迪恩·弗雷斯彻-坎普 / 玛雅·凯洛哈 克里斯·桑德斯
36575268,朝圣,7.0,2025 / 西班牙 德国 / 剧情 爱情 传记 / 卡拉·西蒙 / 柳西亚·加西亚 米奇·马丁
35641244,时光留声,6.2,2025 / 美国 英国 瑞典 / 剧情 爱情 同性 历史 / 奥利弗·赫曼纽斯 / 保罗·麦斯卡 乔什·奥康纳
36303933,归途,6.5,2025 / 印度 / 剧情 / 尼拉杰·加万 / 伊沙恩·哈塔尔 维沙尔·杰特瓦
36705686,了不起的埃莉诺,6.6,2025 / 美国 / 剧情 / 斯嘉丽·约翰逊 / 朱恩·斯奎布 艾琳·凯利曼
36961646,私生活,6.2,2025 / 法国 / 剧情 悬疑 犯罪 / 丽贝卡·兹罗托斯基 / 朱迪·福斯特 丹尼尔·奥特伊
37040000,柔情挚我,6.9,2025 / 法国 / 剧情 / 安娜·卡泽纳弗·康贝 / 薇姬·克里普斯 莫妮亚·乔柯里
36394612,你好，爱美丽,8.1,2025 / 法国 比利时 / 动画 家庭 / 迈利斯·瓦拉德 韩良畴 / 洛伊斯·夏庞蒂埃 维多利亚·格罗布瓦
37247238,普通事故,7.4,2025 / 伊朗 法国 卢森堡 美国 / 剧情 悬疑 惊悚 犯罪 / 贾法·帕纳西 / 瓦希德·穆巴谢里 玛丽亚姆·阿夫沙里
36877556,阿尔法,6.1,2025 / 法国 比利时 / 剧情 / 朱利亚·迪库诺 / 梅丽莎·博罗斯 格什菲·法拉哈尼
37015063,分享镇,6.1,2025 / 美国 / 剧情 喜剧 爱情 / 迈克尔·安盖洛·科维诺 / 达科塔·约翰逊 阿德里娅·阿霍纳
36770063,天国与地狱,6.0,2025 / 美国 日本 / 剧情 悬疑 惊悚 犯罪 / 斯派克·李 / 丹泽尔·华盛顿 杰弗里·怀特
36207047,诗人,8.1,2025 / 哥伦比亚 德国 瑞典 / 剧情 喜剧 / 西蒙·梅萨·索托 / 乌贝马尔·里奥斯 蕾韦卡·安德拉德
35183324,花漾少女杀人事件,7.1,2025 / 中国大陆 / 剧情 悬疑 / 周璟豪 / 张子枫 丁湘源
37231952,父影之下,7.5,2025 / 英国 尼日利亚 爱尔兰 / 剧情 / 阿基诺拉·戴维斯 / 索佩·迪瑞苏 戈德温·埃格博
36885941,后座,6.7,2025 / 英国 爱尔兰 / 爱情 同性 / 哈利·莱顿 / 亚历山大·斯卡斯加德 哈利·米尔林
37309944,麦哲伦,6.2,2025 / 西班牙 葡萄牙 菲律宾 / 剧情 传记 历史 / 拉夫·迪亚兹 / 盖尔·加西亚·贝纳尔 达里奥·亚斯贝克·贝纳尔
36821452,尼诺,7.2,2025 / 法国 / 剧情 / 波利娜·洛克 / 西奥多·佩尔兰 威廉·勒布吉欧
36465394,腓尼基计划,6.8,2025 / 美国 德国 / 剧情 喜剧 动作 惊悚 犯罪 / 韦斯·安德森 / 本尼西奥·德尔·托罗 米娅·塞普雷顿
36955318,留存的爱,6.8,2025 / 冰岛 丹麦 瑞典 法国 / 剧情 家庭 / 赫利努尔·帕尔马松 / 莎加·加达斯多蒂尔 斯瓦利尔·古德纳松
36766190,国宝,7.7,2025 / 日本 / 剧情 / 李相日 / 吉泽亮 横滨流星
36697078,密探,7.8,2025 / 巴西 法国 荷兰 德国 / 剧情 悬疑 惊悚 犯罪 / 小克莱伯·门多萨 / 瓦格纳·马拉 乌多·基尔
37178027,8号出口,6.3,2025 / 日本 / 恐怖 冒险 / 川村元气 / 二宫和也 河内大和
36148716,有用的鬼,7.0,2025 / 泰国 新加坡 德国 法国 / 剧情 喜剧 惊悚 恐怖 奇幻 / 林金伟 / 黛薇卡·霍内 威绍特·汉莫拉
36879454,街头顽童,6.3,2025 / 英国 / 剧情 / 哈里斯·迪金森 / 弗兰克·迪兰 哈里斯·迪金森
36883048,危险动物,6.2,2025 / 澳大利亚 美国 加拿大 / 惊悚 恐怖 / 肖恩·伯恩 / 哈西·哈里森 杰·科特尼
36742578,新浪潮,7.0,2025 / 法国 美国 / 剧情 喜剧 传记 历史 / 理查德·林克莱特 / 纪尧姆·马贝克 佐伊·达奇
37331289,笑刃荒途,7.2,2025 / 法国 葡萄牙 巴西 罗马尼亚 / 剧情 同性 / 佩德罗·皮诺 / 塞尔吉奥·科拉任 克莱奥·迪亚拉
36896644,独一无二,6.7,2025 / 中国大陆 / 剧情 / 王沐 / 张婧仪 陈明昊
36919136,爱的证明,8.1,2025 / 法国 / 剧情 喜剧 同性 / 艾丽斯·杜阿尔 / 艾拉·朗夫 莫妮亚·乔柯里
35882074,冲·撞,6.2,2025 / 中国大陆 / 喜剧 动作 / 蒋佳辰 / 李九霄 王千源
35322123,去死吧，我的爱,6.0,2025 / 英国 美国 加拿大 / 剧情 惊悚 / 琳恩·拉姆塞 / 詹妮弗·劳伦斯 罗伯特·帕丁森
36657639,雷诺阿,6.7,2025 / 日本 法国 新加坡 菲律宾 印度尼西亚 卡塔尔 / 剧情 / 早川千绘 / 铃木唯 石田光
36430909,狐步,7.0,2025 / 法国 比利时 / 剧情 / 瓦莱里·卡努瓦 / 塞缪尔·基尔舍 约安·布兰克
36877209,镜的第三乐章,7.4,2025 / 德国 / 剧情 / 克里斯蒂安·佩措尔德 / 葆拉·贝尔 巴尔巴拉·奥尔
35840586,最小的女儿,5.8,2025 / 法国 德国 / 剧情 同性 / 阿弗西娅·埃尔奇 / 纳迪亚·梅利蒂 朴智敏
36486147,总统的蛋糕,7.9,2025 / 伊拉克 美国 卡塔尔 / 剧情 / 哈桑·哈迪 / Baneen Ahmad Nayyef Waheed Thabet Khreibat
36857468,瘟疫,6.8,2025 / 澳大利亚 阿联酋 美国 罗马尼亚 / 剧情 惊悚 / 查理·波林格 / 埃弗雷特·布伦克 乔尔·埃哲顿
35268569,爱丁顿,6.6,2025 / 美国 芬兰 / 剧情 喜剧 西部 / 阿里·艾斯特 / 华金·菲尼克斯 佩德罗·帕斯卡
36882128,写写画画,6.6,2025 / 日本 / 剧情 喜剧 / 关和亮 / 永野芽郁 大泉洋
36821362,风中的洛朗,6.6,2025 / 法国 / 剧情 / 安东·巴列吉安 莱奥·库蒂尔 马泰奥·厄斯塔洪 / 巴蒂斯特·佩鲁萨 碧翠斯·黛尔
26351864,风林火山,6.4,2025 / 中国香港 中国大陆 / 剧情 犯罪 / 麦浚龙 / 金城武 刘青云
35346268,时空奇旅,7.3,2025 / 法国 / 科幻 动画 / 于戈·比安弗尼 / 玛戈特·林加德·奥尔德拉 奥斯卡·特雷萨尼尼
30419032,水之年代,6.2,2025 / 美国 法国 拉脱维亚 / 剧情 爱情 传记 / 克里斯汀·斯图尔特 / 伊莫琴·普茨 索拉·伯奇
37345019,十一,7.4,2025 / 印度 / 爱情 / Lokkesh Ajls / Naveen Chandra 阿比拉米
36728357,新凯旋门,7.5,2025 / 法国 丹麦 / 剧情 传记 历史 / 史蒂芬·德穆斯提耶 / 克拉斯·邦 西瑟·巴比特·科努德森
36107332,左撇子女孩,7.1,2025 / 中国台湾 美国 英国 法国 / 剧情 / 邹时擎 / 马士媛 蔡淑臻
36913048,远山淡影,7.0,2025 / 日本 英国 波兰 / 剧情 悬疑 / 石川庆 / 广濑铃 二阶堂富美
35332339,弗拉明戈的神秘眼神,7.1,2025 / 法国 智利 德国 西班牙 比利时 / 剧情 同性 / 迭戈·塞斯佩德斯 / 塔玛拉·科尔特斯 马迪亚斯·卡塔兰
37144851,137号案件,7.7,2025 / 法国 / 剧情 犯罪 / 多米尼克·摩尔 / 蕾雅·德吕盖 帕斯卡·桑格拉
37317387,新的景色,6.4,2025 / 日本 / 剧情 / 团冢唯我 / 黑崎煌代 远藤宪一
35409362,接近终点,7.4,2025 / 法国 西班牙 / 剧情 惊悚 冒险 / 奥利维尔·拉克谢 / 塞尔希·洛佩斯 布鲁诺·努涅斯
36116464,阿姆鲁姆,7.2,2025 / 德国 / 剧情 历史 战争 / 法提赫·阿金 / 贾斯珀·比勒贝克 劳拉·汤克
30433456,碟中谍8：最终清算,7.6,2025 / 美国 / 动作 惊悚 冒险 / 克里斯托弗·麦奎里 / 汤姆·克鲁斯 海莉·阿特维尔
36678301,望向太阳,6.6,2025 / 德国 / 剧情 / 玛莎·施林斯基 / 莱娜·乌泽多夫斯基 苏珊娜·伍艾斯特
30429388,死神来了：血脉诅咒,6.9,2025 / 美国 / 惊悚 恐怖 / 亚当·B·斯坦 扎克·利波夫斯基 / 凯特琳·桑塔·胡安娜 特欧·布里奥尼斯
36597093,奇遇,6.4,2025 / 法国 / 剧情 喜剧 / 索菲·勒图讷尔 / 贝热尼丝·沃尼 伊斯特班·梅雷罗
36587901,国家公诉人,6.6,2025 / 法国 德国 荷兰 拉脱维亚 罗马尼亚 立陶宛 / 剧情 历史 / 谢尔盖·洛兹尼察 / 亚历山大·库兹涅佐夫 阿纳托利·比利
36587400,为了亚当,5.9,2025 / 比利时 法国 / 剧情 / 劳拉·万德尔 / 蕾雅·德吕盖 安娜玛丽亚·沃特鲁梅
36872972,恩佐,7.1,2025 / 法国 意大利 比利时 / 剧情 同性 / 罗宾·坎皮略 / 埃洛伊·波胡 皮耶尔弗兰切斯科·法维诺
36478801,母爱食堂,7.1,2025 / 美国 / 喜剧 / 斯蒂芬·卓博斯基 / 文斯·沃恩 苏珊·萨兰登
37271208,近乎正常,8.7,2025 / 英国 / 剧情 歌舞 / Michael Longhurst Austin Shaw / 埃莉诺•沃辛顿-考克斯 杰米·帕克
37327029,血色牢笼,7.0,2025 / 俄罗斯 / 剧情 历史 战争 / 马克西姆·布里乌斯 / 卡琳娜·安德连科 佩塔尔·泽卡维察
11600089,功夫梦：融合之道,5.2,2025 / 美国 加拿大 / 剧情 动作 运动 / 乔纳森·恩特威斯尔 / 成龙 王班
36707368,罪证子弹3,6.5,2025 / 法国 / 剧情 动作 惊悚 犯罪 / 纪尧姆·皮埃雷 / 奥尔本·勒努瓦 施特菲·塞尔马
37113240,携风暴而来,6.6,2025 / 阿根廷 / 剧情 / 米格尔·德·祖维里亚 / 赫苏斯·卡塔利诺 伊万·莫施纳
36923508,命悬一枪,6.5,2025 / 中国大陆 / 动作 犯罪 / 范翔 / 张晋 程怡
36989716,重写,7.2,2025 / 日本 / 剧情 喜剧 / 松居大悟 / 池田依来沙 阿达庆
36988926,人生开门红,6.1,2025 / 中国大陆 / 剧情 喜剧 / 易小星 / 常远 邓家佳
37131615,未列入名册,6.3,2025 / 俄罗斯 / 剧情 动作 战争 / 谢尔盖·科罗塔耶夫 / 迪米特里·布尔热 Pavel Chernyshyov
37228363,袭击2,6.0,2025 / 印度 / 剧情 悬疑 家庭 犯罪 / 拉杰·库马尔·古普塔 / 阿贾耶·德乌干 瓦妮·卡普尔
37298398,海底小纵队：海啸大危机,6.7,2025 / 中国大陆 / 喜剧 科幻 动画 冒险 / 虞嘉尧  谭⼴威 孙耕 高嵩
35929258,猎金·游戏,5.3,2025 / 中国大陆 中国香港 / 剧情 犯罪 / 邱礼涛 / 刘德华 欧豪
37269680,探子阿坚：无头奇案,6.0,2025 / 越南 / 恐怖 历史 犯罪 / 武国越 / 玉叶 国辉
33414470,水饺皇后,6.1,2025 / 中国大陆 中国香港 / 剧情 传记 / 刘伟强 / 马丽 惠英红
36733715,域外营救,5.7,2025 / 德国 / 动作 惊悚 / 克里斯蒂安·曲贝特 / 让娜·古尔索 多格雷·斯科特
35927475,雷霆特攻队*,6.6,2025 / 美国 / 剧情 动作 科幻 犯罪 奇幻 冒险 / 杰克·施莱尔 / 弗洛伦丝·皮尤 塞巴斯蒂安·斯坦
36874182,神印王座剧场版：伊莱克斯传奇,6.5,2025 / 中国大陆 / 动作 动画 奇幻 冒险 / 曾元俊 李健宁 / 马正阳 叶知秋
36737061,直到黎明,6.1,2025 / 美国 匈牙利 / 剧情 恐怖 / 大卫·F·桑德伯格 / 艾拉·鲁宾 迈克尔·西米诺
35367384,毒劫,5.7,2025 / 英国 美国 / 剧情 动作 悬疑 惊悚 犯罪 / 加雷斯·埃文斯 / 汤姆·哈迪 洛克哈特·奥吉尔维
36544510,陈翔六点半之疯狂代号,6.8,2025 / 中国大陆 / 喜剧 动作 / 陈翔 / 毛台 猪小明
37006600,花便当,6.9,2025 / 日本 / 剧情 / 前田哲 / 铃木亮平 有村架纯
36955254,我来说出真相,5.8,2025 / 日本 / 剧情 悬疑 / 丰岛圭介 / 大森元贵 菊池风磨
